{
  "Packages": [
    {
      "Package": {
        "Id": "ActiveDirectory.Tasks.Activities",
        "Version": "1.0.0"
      },
      "Assemblies": [
        "C:\\Users\\USER\\.nuget\\packages\\activedirectory.tasks.activities/1.0.0\\lib/ActiveDirectory.dll"
      ]
    },
    {
      "Package": {
        "Id": "Microsoft.IdentityModel.Clients.ActiveDirectory",
        "Version": "5.2.6"
      },
      "Assemblies": [
        "C:\\Users\\USER\\.nuget\\packages\\microsoft.identitymodel.clients.activedirectory/5.2.6\\lib/net45/Microsoft.IdentityModel.Clients.ActiveDirectory.dll",
        "C:\\Users\\USER\\.nuget\\packages\\system.net.http/4.3.4\\lib/net46/System.Net.Http.dll",
        "C:\\Users\\USER\\.nuget\\packages\\system.security.cryptography.algorithms/4.3.0\\lib/net461/System.Security.Cryptography.Algorithms.dll",
        "C:\\Users\\USER\\.nuget\\packages\\system.security.cryptography.encoding/4.3.0\\lib/net46/System.Security.Cryptography.Encoding.dll",
        "C:\\Users\\USER\\.nuget\\packages\\system.security.cryptography.primitives/4.3.0\\lib/net46/System.Security.Cryptography.Primitives.dll",
        "C:\\Users\\USER\\.nuget\\packages\\system.security.cryptography.x509certificates/4.3.0\\lib/net461/System.Security.Cryptography.X509Certificates.dll"
      ]
    },
    {
      "Package": {
        "Id": "UiPath.ActiveDirectoryDomainServices.Activities",
        "Version": "1.0.2"
      },
      "Assemblies": [
        "C:\\Users\\USER\\.nuget\\packages\\system.valuetuple/4.5.0\\lib/net461/System.ValueTuple.dll",
        "C:\\Users\\USER\\.nuget\\packages\\uipath.activedirectorydomainservices.activities/1.0.2\\lib/net461/UiPath.ActiveDirectoryDomainServices.Activities.Design.dll",
        "C:\\Users\\USER\\.nuget\\packages\\uipath.activedirectorydomainservices.activities/1.0.2\\lib/net461/UiPath.ActiveDirectoryDomainServices.Activities.dll",
        "C:\\Users\\USER\\.nuget\\packages\\uipath.activedirectorydomainservices.activities/1.0.2\\lib/net461/UiPath.ActiveDirectoryDomainServices.dll"
      ]
    },
    {
      "Package": {
        "Id": "UiPath.Credentials.Activities",
        "Version": "1.1.6479.13204"
      },
      "Assemblies": [
        "C:\\Users\\USER\\.nuget\\packages\\credentialmanagement/1.0.2\\lib/net35/CredentialManagement.dll",
        "C:\\Users\\USER\\.nuget\\packages\\uipath.credentials.activities/1.1.6479.13204\\lib/net40-client/UiPath.Credentials.Activities.dll"
      ]
    },
    {
      "Package": {
        "Id": "UiPath.Database.Activities",
        "Version": "1.2.6863.32528"
      },
      "Assemblies": [
        "C:\\Users\\USER\\.nuget\\packages\\uipath.database.activities/1.2.6863.32528\\lib/net40-Client/Microsoft.Data.ConnectionUI.Dialog.dll",
        "C:\\Users\\USER\\.nuget\\packages\\uipath.database.activities/1.2.6863.32528\\lib/net40-Client/UiPath.Database.Activities.Design.dll",
        "C:\\Users\\USER\\.nuget\\packages\\uipath.database.activities/1.2.6863.32528\\lib/net40-Client/UiPath.Database.Activities.dll",
        "C:\\Users\\USER\\.nuget\\packages\\uipath.database.activities/1.2.6863.32528\\lib/net40-Client/UiPath.Database.dll"
      ]
    },
    {
      "Package": {
        "Id": "UiPath.Excel.Activities",
        "Version": "2.8.0-preview"
      },
      "Assemblies": [
        "C:\\Users\\USER\\.nuget\\packages\\closedxml/0.87.1\\lib/net40/ClosedXML.dll",
        "C:\\Users\\USER\\.nuget\\packages\\csvhelper/2.13.5\\lib/net40-client/CsvHelper.dll",
        "C:\\Users\\USER\\.nuget\\packages\\documentformat.openxml/2.5.0\\lib/DocumentFormat.OpenXml.dll",
        "C:\\Users\\USER\\.nuget\\packages\\microsoft.visualstudio.ole.interop/7.10.6071\\lib/Microsoft.VisualStudio.OLE.Interop.dll",
        "C:\\Users\\USER\\.nuget\\packages\\npoi/2.4.1\\lib/net45/NPOI.OOXML.dll",
        "C:\\Users\\USER\\.nuget\\packages\\npoi/2.4.1\\lib/net45/NPOI.OpenXml4Net.dll",
        "C:\\Users\\USER\\.nuget\\packages\\npoi/2.4.1\\lib/net45/NPOI.OpenXmlFormats.dll",
        "C:\\Users\\USER\\.nuget\\packages\\npoi/2.4.1\\lib/net45/NPOI.dll",
        "C:\\Users\\USER\\.nuget\\packages\\sharpziplib/1.0.0\\lib/net45/ICSharpCode.SharpZipLib.dll",
        "C:\\Users\\USER\\.nuget\\packages\\uipath.excel.activities/2.8.0-preview\\lib/net461/UiPath.Excel.Activities.Design.dll",
        "C:\\Users\\USER\\.nuget\\packages\\uipath.excel.activities/2.8.0-preview\\lib/net461/UiPath.Excel.Activities.dll",
        "C:\\Users\\USER\\.nuget\\packages\\uipath.excel.activities/2.8.0-preview\\lib/net461/UiPath.Excel.dll"
      ]
    },
    {
      "Package": {
        "Id": "UiPath.Mail.Activities",
        "Version": "1.8.0-preview"
      },
      "Assemblies": [
        "C:\\Users\\USER\\.nuget\\packages\\bouncycastle/1.8.5\\lib/BouncyCastle.Crypto.dll",
        "C:\\Users\\USER\\.nuget\\packages\\interop.domino.dll/1.0.0\\lib/Interop.Domino.dll",
        "C:\\Users\\USER\\.nuget\\packages\\microsoft.exchange.webservices/2.2.0\\lib/40/Microsoft.Exchange.WebServices.Auth.dll",
        "C:\\Users\\USER\\.nuget\\packages\\microsoft.exchange.webservices/2.2.0\\lib/40/Microsoft.Exchange.WebServices.dll",
        "C:\\Users\\USER\\.nuget\\packages\\system.valuetuple/4.5.0\\lib/net461/System.ValueTuple.dll",
        "C:\\Users\\USER\\.nuget\\packages\\uipath.mail.activities/1.8.0-preview\\lib/net461/MailKit.dll",
        "C:\\Users\\USER\\.nuget\\packages\\uipath.mail.activities/1.8.0-preview\\lib/net461/MimeKit.dll",
        "C:\\Users\\USER\\.nuget\\packages\\uipath.mail.activities/1.8.0-preview\\lib/net461/UiPath.Mail.Activities.Design.dll",
        "C:\\Users\\USER\\.nuget\\packages\\uipath.mail.activities/1.8.0-preview\\lib/net461/UiPath.Mail.Activities.dll",
        "C:\\Users\\USER\\.nuget\\packages\\uipath.mail.activities/1.8.0-preview\\lib/net461/UiPath.Mail.dll"
      ]
    },
    {
      "Package": {
        "Id": "UiPath.System.Activities",
        "Version": "19.12.0-preview"
      },
      "Assemblies": [
        "C:\\Users\\USER\\.nuget\\packages\\csvhelper/2.13.5\\lib/net40-client/CsvHelper.dll",
        "C:\\Users\\USER\\.nuget\\packages\\microsoft.aspnet.signalr.client/2.4.0\\lib/net45/Microsoft.AspNet.SignalR.Client.dll",
        "C:\\Users\\USER\\.nuget\\packages\\microsoft.rest.clientruntime/2.3.20\\lib/net461/Microsoft.Rest.ClientRuntime.dll",
        "C:\\Users\\USER\\.nuget\\packages\\newtonsoft.json/11.0.2\\lib/net45/Newtonsoft.Json.dll",
        "C:\\Users\\USER\\.nuget\\packages\\uipath.system.activities/19.12.0-preview\\lib/net461/ActiproSoftware.Docking.Wpf.dll",
        "C:\\Users\\USER\\.nuget\\packages\\uipath.system.activities/19.12.0-preview\\lib/net461/ActiproSoftware.Ribbon.Wpf.dll",
        "C:\\Users\\USER\\.nuget\\packages\\uipath.system.activities/19.12.0-preview\\lib/net461/ActiproSoftware.Shared.Wpf.dll",
        "C:\\Users\\USER\\.nuget\\packages\\uipath.system.activities/19.12.0-preview\\lib/net461/ActiproSoftware.SyntaxEditor.Addons.DotNet.Wpf.dll",
        "C:\\Users\\USER\\.nuget\\packages\\uipath.system.activities/19.12.0-preview\\lib/net461/ActiproSoftware.SyntaxEditor.Wpf.dll",
        "C:\\Users\\USER\\.nuget\\packages\\uipath.system.activities/19.12.0-preview\\lib/net461/ActiproSoftware.Text.Addons.DotNet.Wpf.dll",
        "C:\\Users\\USER\\.nuget\\packages\\uipath.system.activities/19.12.0-preview\\lib/net461/ActiproSoftware.Text.LLParser.Wpf.dll",
        "C:\\Users\\USER\\.nuget\\packages\\uipath.system.activities/19.12.0-preview\\lib/net461/ActiproSoftware.Text.Wpf.dll",
        "C:\\Users\\USER\\.nuget\\packages\\uipath.system.activities/19.12.0-preview\\lib/net461/ActiproSoftware.Wizard.Wpf.dll",
        "C:\\Users\\USER\\.nuget\\packages\\uipath.system.activities/19.12.0-preview\\lib/net461/UiPath.OrchestratorClient.dll",
        "C:\\Users\\USER\\.nuget\\packages\\uipath.system.activities/19.12.0-preview\\lib/net461/UiPath.System.Activities.Design.dll",
        "C:\\Users\\USER\\.nuget\\packages\\uipath.system.activities/19.12.0-preview\\lib/net461/UiPath.System.Activities.dll"
      ]
    },
    {
      "Package": {
        "Id": "UiPath.UIAutomation.Activities",
        "Version": "19.12.0-preview"
      },
      "Assemblies": [
        "C:\\Users\\USER\\.nuget\\packages\\avalonedit/5.0.3\\lib/Net40/ICSharpCode.AvalonEdit.dll",
        "C:\\Users\\USER\\.nuget\\packages\\extended.wpf.toolkit/2.8.0\\lib/net40/Xceed.Wpf.AvalonDock.Themes.Aero.dll",
        "C:\\Users\\USER\\.nuget\\packages\\extended.wpf.toolkit/2.8.0\\lib/net40/Xceed.Wpf.AvalonDock.Themes.Metro.dll",
        "C:\\Users\\USER\\.nuget\\packages\\extended.wpf.toolkit/2.8.0\\lib/net40/Xceed.Wpf.AvalonDock.Themes.VS2010.dll",
        "C:\\Users\\USER\\.nuget\\packages\\extended.wpf.toolkit/2.8.0\\lib/net40/Xceed.Wpf.AvalonDock.dll",
        "C:\\Users\\USER\\.nuget\\packages\\extended.wpf.toolkit/2.8.0\\lib/net40/Xceed.Wpf.DataGrid.dll",
        "C:\\Users\\USER\\.nuget\\packages\\extended.wpf.toolkit/2.8.0\\lib/net40/Xceed.Wpf.Toolkit.dll",
        "C:\\Users\\USER\\.nuget\\packages\\humanizer.core/2.4.2\\lib/netstandard2.0/Humanizer.dll",
        "C:\\Users\\USER\\.nuget\\packages\\newtonsoft.json/11.0.2\\lib/net45/Newtonsoft.Json.dll",
        "C:\\Users\\USER\\.nuget\\packages\\uipath/19.12.7284.25613-preview\\lib/UiPath.Interop.dll",
        "C:\\Users\\USER\\.nuget\\packages\\uipath.ocr.contracts/2.3.0-preview\\lib/net45/UiPath.OCR.Contracts.dll",
        "C:\\Users\\USER\\.nuget\\packages\\uipath.uiautomation.activities/19.12.0-preview\\lib/net461/ActiproSoftware.DataGrid.Contrib.Wpf.dll",
        "C:\\Users\\USER\\.nuget\\packages\\uipath.uiautomation.activities/19.12.0-preview\\lib/net461/ActiproSoftware.Docking.Wpf.dll",
        "C:\\Users\\USER\\.nuget\\packages\\uipath.uiautomation.activities/19.12.0-preview\\lib/net461/ActiproSoftware.Editors.Wpf.dll",
        "C:\\Users\\USER\\.nuget\\packages\\uipath.uiautomation.activities/19.12.0-preview\\lib/net461/ActiproSoftware.Ribbon.Wpf.dll",
        "C:\\Users\\USER\\.nuget\\packages\\uipath.uiautomation.activities/19.12.0-preview\\lib/net461/ActiproSoftware.Shared.Wpf.dll",
        "C:\\Users\\USER\\.nuget\\packages\\uipath.uiautomation.activities/19.12.0-preview\\lib/net461/ActiproSoftware.SyntaxEditor.Addons.DotNet.Wpf.dll",
        "C:\\Users\\USER\\.nuget\\packages\\uipath.uiautomation.activities/19.12.0-preview\\lib/net461/ActiproSoftware.SyntaxEditor.Wpf.dll",
        "C:\\Users\\USER\\.nuget\\packages\\uipath.uiautomation.activities/19.12.0-preview\\lib/net461/ActiproSoftware.Text.Addons.DotNet.Wpf.dll",
        "C:\\Users\\USER\\.nuget\\packages\\uipath.uiautomation.activities/19.12.0-preview\\lib/net461/ActiproSoftware.Text.LLParser.Wpf.dll",
        "C:\\Users\\USER\\.nuget\\packages\\uipath.uiautomation.activities/19.12.0-preview\\lib/net461/ActiproSoftware.Text.Wpf.dll",
        "C:\\Users\\USER\\.nuget\\packages\\uipath.uiautomation.activities/19.12.0-preview\\lib/net461/ActiproSoftware.Wizard.Wpf.dll",
        "C:\\Users\\USER\\.nuget\\packages\\uipath.uiautomation.activities/19.12.0-preview\\lib/net461/UiPath.CV.Activities.Design.dll",
        "C:\\Users\\USER\\.nuget\\packages\\uipath.uiautomation.activities/19.12.0-preview\\lib/net461/UiPath.CV.Activities.dll",
        "C:\\Users\\USER\\.nuget\\packages\\uipath.uiautomation.activities/19.12.0-preview\\lib/net461/UiPath.CV.dll",
        "C:\\Users\\USER\\.nuget\\packages\\uipath.uiautomation.activities/19.12.0-preview\\lib/net461/UiPath.UIAutomation.Activities.Design.dll",
        "C:\\Users\\USER\\.nuget\\packages\\uipath.uiautomation.activities/19.12.0-preview\\lib/net461/UiPath.UiAutomation.Activities.dll",
        "C:\\Users\\USER\\.nuget\\packages\\uipath.uiautomation.activities/19.12.0-preview\\lib/net461/UiPath.Wizards.dll",
        "C:\\Users\\USER\\.nuget\\packages\\uipath.vision/2.0.0\\lib/net452/UiPath.Vision.AzureComputerVision.dll",
        "C:\\Users\\USER\\.nuget\\packages\\uipath.vision/2.0.0\\lib/net452/UiPath.Vision.Core.dll",
        "C:\\Users\\USER\\.nuget\\packages\\uipath.vision/2.0.0\\lib/net452/UiPath.Vision.GoogleCloud.dll",
        "C:\\Users\\USER\\.nuget\\packages\\uipath.vision/2.0.0\\lib/net452/UiPath.Vision.Microsoft.dll",
        "C:\\Users\\USER\\.nuget\\packages\\uipath.vision/2.0.0\\lib/net452/UiPath.Vision.MicrosoftCloud.dll",
        "C:\\Users\\USER\\.nuget\\packages\\uipath.vision/2.0.0\\lib/net452/UiPath.Vision.Tesseract.dll",
        "C:\\Users\\USER\\.nuget\\packages\\uipath.vision/2.0.0\\lib/net452/UiPath.Vision.dll"
      ]
    },
    {
      "Package": {
        "Id": "UiPathTeam.ActiveDirectory.Activities",
        "Version": "1.0.0.31941"
      },
      "Assemblies": [
        "C:\\Users\\USER\\.nuget\\packages\\uipathteam.activedirectory.activities/1.0.0.31941\\lib/net452/UiPathTeam.ActiveDirectory.Activities.dll"
      ]
    },
    {
      "Package": {
        "Id": "UiPathTeam.GenerateRandomPassword.Activities",
        "Version": "1.0.4"
      },
      "Assemblies": [
        "C:\\Users\\USER\\.nuget\\packages\\uipathteam.generaterandompassword.activities/1.0.4\\lib/net452/UiPathTeam.GenerateRandomPassword.Activities.dll"
      ]
    }
  ],
  "Conflicts": [],
  "ResolvedDependencies": {
    "ActiveDirectory.Tasks.Activities": {
      "Id": "ActiveDirectory.Tasks.Activities",
      "Version": "1.0.0",
      "Dependencies": []
    },
    "AvalonEdit": {
      "Id": "AvalonEdit",
      "Version": "5.0.3",
      "Dependencies": []
    },
    "BouncyCastle": {
      "Id": "BouncyCastle",
      "Version": "1.8.5",
      "Dependencies": []
    },
    "ClosedXML": {
      "Id": "ClosedXML",
      "Version": "0.87.1",
      "Dependencies": [
        {
          "Item1": "DocumentFormat.OpenXml",
          "Item2": "[2.5.0, )"
        }
      ]
    },
    "CredentialManagement": {
      "Id": "CredentialManagement",
      "Version": "1.0.2",
      "Dependencies": []
    },
    "CsvHelper": {
      "Id": "CsvHelper",
      "Version": "2.13.5",
      "Dependencies": []
    },
    "DocumentFormat.OpenXml": {
      "Id": "DocumentFormat.OpenXml",
      "Version": "2.5.0",
      "Dependencies": []
    },
    "Extended.Wpf.Toolkit": {
      "Id": "Extended.Wpf.Toolkit",
      "Version": "2.8.0",
      "Dependencies": []
    },
    "Humanizer.Core": {
      "Id": "Humanizer.Core",
      "Version": "2.4.2",
      "Dependencies": []
    },
    "interop.domino.dll": {
      "Id": "interop.domino.dll",
      "Version": "1.0.0",
      "Dependencies": []
    },
    "Microsoft.AspNet.SignalR.Client": {
      "Id": "Microsoft.AspNet.SignalR.Client",
      "Version": "2.4.0",
      "Dependencies": [
        {
          "Item1": "Newtonsoft.Json",
          "Item2": "[6.0.4, )"
        }
      ]
    },
    "Microsoft.Exchange.WebServices": {
      "Id": "Microsoft.Exchange.WebServices",
      "Version": "2.2.0",
      "Dependencies": []
    },
    "Microsoft.IdentityModel.Clients.ActiveDirectory": {
      "Id": "Microsoft.IdentityModel.Clients.ActiveDirectory",
      "Version": "5.2.6",
      "Dependencies": [
        {
          "Item1": "System.Net.Http",
          "Item2": "[4.3.4, )"
        }
      ]
    },
    "Microsoft.Rest.ClientRuntime": {
      "Id": "Microsoft.Rest.ClientRuntime",
      "Version": "2.3.20",
      "Dependencies": [
        {
          "Item1": "Newtonsoft.Json",
          "Item2": "[10.0.3, )"
        }
      ]
    },
    "Microsoft.VisualStudio.OLE.Interop": {
      "Id": "Microsoft.VisualStudio.OLE.Interop",
      "Version": "7.10.6071",
      "Dependencies": []
    },
    "Newtonsoft.Json": {
      "Id": "Newtonsoft.Json",
      "Version": "11.0.2",
      "Dependencies": []
    },
    "NPOI": {
      "Id": "NPOI",
      "Version": "2.4.1",
      "Dependencies": [
        {
          "Item1": "SharpZipLib",
          "Item2": "[1.0.0, )"
        }
      ]
    },
    "SharpZipLib": {
      "Id": "SharpZipLib",
      "Version": "1.0.0",
      "Dependencies": []
    },
    "System.Net.Http": {
      "Id": "System.Net.Http",
      "Version": "4.3.4",
      "Dependencies": [
        {
          "Item1": "System.Security.Cryptography.X509Certificates",
          "Item2": "[4.3.0, )"
        }
      ]
    },
    "System.Security.Cryptography.Algorithms": {
      "Id": "System.Security.Cryptography.Algorithms",
      "Version": "4.3.0",
      "Dependencies": [
        {
          "Item1": "System.Security.Cryptography.Primitives",
          "Item2": "[4.3.0, )"
        }
      ]
    },
    "System.Security.Cryptography.Encoding": {
      "Id": "System.Security.Cryptography.Encoding",
      "Version": "4.3.0",
      "Dependencies": []
    },
    "System.Security.Cryptography.Primitives": {
      "Id": "System.Security.Cryptography.Primitives",
      "Version": "4.3.0",
      "Dependencies": []
    },
    "System.Security.Cryptography.X509Certificates": {
      "Id": "System.Security.Cryptography.X509Certificates",
      "Version": "4.3.0",
      "Dependencies": [
        {
          "Item1": "System.Security.Cryptography.Algorithms",
          "Item2": "[4.3.0, )"
        },
        {
          "Item1": "System.Security.Cryptography.Encoding",
          "Item2": "[4.3.0, )"
        }
      ]
    },
    "System.ValueTuple": {
      "Id": "System.ValueTuple",
      "Version": "4.5.0",
      "Dependencies": []
    },
    "UiPath": {
      "Id": "UiPath",
      "Version": "19.12.7284.25613-preview",
      "Dependencies": []
    },
    "UiPath.ActiveDirectoryDomainServices.Activities": {
      "Id": "UiPath.ActiveDirectoryDomainServices.Activities",
      "Version": "1.0.2",
      "Dependencies": [
        {
          "Item1": "System.ValueTuple",
          "Item2": "[4.5.0, )"
        }
      ]
    },
    "UiPath.Credentials.Activities": {
      "Id": "UiPath.Credentials.Activities",
      "Version": "1.1.6479.13204",
      "Dependencies": [
        {
          "Item1": "CredentialManagement",
          "Item2": "[1.0.2, )"
        }
      ]
    },
    "UiPath.Database.Activities": {
      "Id": "UiPath.Database.Activities",
      "Version": "1.2.6863.32528",
      "Dependencies": []
    },
    "UiPath.Excel.Activities": {
      "Id": "UiPath.Excel.Activities",
      "Version": "2.8.0-preview",
      "Dependencies": [
        {
          "Item1": "ClosedXML",
          "Item2": "[0.87.1, )"
        },
        {
          "Item1": "CsvHelper",
          "Item2": "[2.13.5, )"
        },
        {
          "Item1": "DocumentFormat.OpenXml",
          "Item2": "[2.5.0, )"
        },
        {
          "Item1": "Microsoft.VisualStudio.OLE.Interop",
          "Item2": "[7.10.6071, )"
        },
        {
          "Item1": "NPOI",
          "Item2": "[2.4.1, )"
        },
        {
          "Item1": "SharpZipLib",
          "Item2": "[1.0.0, )"
        }
      ]
    },
    "UiPath.Mail.Activities": {
      "Id": "UiPath.Mail.Activities",
      "Version": "1.8.0-preview",
      "Dependencies": [
        {
          "Item1": "System.ValueTuple",
          "Item2": "[4.5.0, )"
        },
        {
          "Item1": "Microsoft.Exchange.WebServices",
          "Item2": "[2.2.0, )"
        },
        {
          "Item1": "BouncyCastle",
          "Item2": "[1.8.5, )"
        },
        {
          "Item1": "interop.domino.dll",
          "Item2": "[1.0.0, )"
        }
      ]
    },
    "UiPath.OCR.Contracts": {
      "Id": "UiPath.OCR.Contracts",
      "Version": "2.3.0-preview",
      "Dependencies": []
    },
    "UiPath.System.Activities": {
      "Id": "UiPath.System.Activities",
      "Version": "19.12.0-preview",
      "Dependencies": [
        {
          "Item1": "CsvHelper",
          "Item2": "[2.13.5, )"
        },
        {
          "Item1": "Microsoft.AspNet.SignalR.Client",
          "Item2": "[2.4.0, )"
        },
        {
          "Item1": "Microsoft.Rest.ClientRuntime",
          "Item2": "[2.3.20, )"
        },
        {
          "Item1": "Newtonsoft.Json",
          "Item2": "[11.0.2, )"
        }
      ]
    },
    "UiPath.UIAutomation.Activities": {
      "Id": "UiPath.UIAutomation.Activities",
      "Version": "19.12.0-preview",
      "Dependencies": [
        {
          "Item1": "UiPath",
          "Item2": "[19.12.7284.25613-preview, )"
        },
        {
          "Item1": "UiPath.Vision",
          "Item2": "[2.0.0, )"
        },
        {
          "Item1": "UiPath.OCR.Contracts",
          "Item2": "[2.3.0-preview, )"
        },
        {
          "Item1": "AvalonEdit",
          "Item2": "[5.0.3, )"
        },
        {
          "Item1": "Extended.Wpf.Toolkit",
          "Item2": "[2.8.0, )"
        },
        {
          "Item1": "Humanizer.Core",
          "Item2": "[2.4.2, )"
        },
        {
          "Item1": "Newtonsoft.Json",
          "Item2": "[11.0.2, )"
        }
      ]
    },
    "UiPath.Vision": {
      "Id": "UiPath.Vision",
      "Version": "2.0.0",
      "Dependencies": [
        {
          "Item1": "UiPath.OCR.Contracts",
          "Item2": "[2.2.1, )"
        }
      ]
    },
    "UiPathTeam.ActiveDirectory.Activities": {
      "Id": "UiPathTeam.ActiveDirectory.Activities",
      "Version": "1.0.0.31941",
      "Dependencies": []
    },
    "UiPathTeam.GenerateRandomPassword.Activities": {
      "Id": "UiPathTeam.GenerateRandomPassword.Activities",
      "Version": "1.0.4",
      "Dependencies": []
    }
  }
}