{"ProjectBreakpoints":"{\"Value\":{\"Framework/GetTransactionData.xaml\":[{\"ConditionalExpression\":null,\"ActionExpression\":null,\"ExpectedHitCounter\":null,\"ShouldContinueAfterAction\":false,\"IsEnabled\":false,\"ActivityIdRef\":\"InvokeWorkflowFile_1\",\"ActivityId\":\"1.8\",\"ActivityName\":\"Outlook_ReadMails\"}],\"Sub Process/Outlook_ReadMails.xaml\":[{\"ConditionalExpression\":null,\"ActionExpression\":null,\"ExpectedHitCounter\":null,\"ShouldContinueAfterAction\":false,\"IsEnabled\":false,\"ActivityIdRef\":\"Sequence_2\",\"ActivityId\":\"1.19\",\"ActivityName\":\"Process\"}]}}","OpenedDocuments":"[\"Main.xaml\"]","ProjectWatches":"{\"Value\":[]}"}